"number","sys_created_on","u_requested_for.user_name"
"RITM0894630","2019-07-10 15:04:54","nuhicj1"
"RITM0894573","2019-07-10 14:51:46","romann7"
"RITM0894569","2019-07-10 14:51:34","silvaw7"
"RITM0894568","2019-07-10 14:50:05","ngod15"
"RITM0894563","2019-07-10 14:48:53","tranv19"
"RITM0894319","2019-07-10 12:59:25","mirank5"
"RITM0894315","2019-07-10 12:58:15","rosals10"
"RITM0894313","2019-07-10 12:57:39","vegad14"
"RITM0894312","2019-07-10 12:57:29","alborj2"
"RITM0894309","2019-07-10 12:56:25","ouesle2"
"RITM0894308","2019-07-10 12:56:09","castrl32"
"RITM0894307","2019-07-10 12:55:45","martir154"
"RITM0894306","2019-07-10 12:55:24","cuelly2"
"RITM0894305","2019-07-10 12:55:05","reyesr49"
"RITM0894303","2019-07-10 12:54:01","blaszp2"
"RITM0894302","2019-07-10 12:53:48","rubalg2"
"RITM0894300","2019-07-10 12:53:15","uriasd3"
"RITM0894297","2019-07-10 12:52:46","benitb3"
"RITM0894296","2019-07-10 12:52:07","melnyo2"
"RITM0894289","2019-07-10 12:51:14","torref16"
"RITM0894284","2019-07-10 12:49:37","gaynur1"
"RITM0894283","2019-07-10 12:49:22","brigia1"
"RITM0894281","2019-07-10 12:47:36","pereza61"
"RITM0894278","2019-07-10 12:47:18","valenm26"
"RITM0894276","2019-07-10 12:46:57","stockj5"
"RITM0894275","2019-07-10 12:46:55","carrag1"
"RITM0894137","2019-07-10 11:44:08","doolev1"
"RITM0894114","2019-07-10 11:35:35","yeboad2"
"RITM0894110","2019-07-10 11:35:15","younad2"
"RITM0894108","2019-07-10 11:34:21","cruzs48"
"RITM0894106","2019-07-10 11:33:22","rajput2"
"RITM0894104","2019-07-10 11:32:45","tolenz2"
"RITM0894099","2019-07-10 11:30:40","sheam3"
"RITM0894095","2019-07-10 11:26:55","hangy2"
"RITM0894083","2019-07-10 11:16:26","hattaa2"
"RITM0894079","2019-07-10 11:11:01","soton4"
"RITM0894074","2019-07-10 11:08:46","borrej5"
"RITM0894068","2019-07-10 11:05:40","torred37"
"RITM0894064","2019-07-10 11:02:30","jenses10"
"RITM0894052","2019-07-10 10:53:59","martiv37"
"RITM0893832","2019-07-10 08:52:04","vegap8"
"RITM0893689","2019-07-10 06:55:14","mcdond16"
"RITM0893682","2019-07-10 06:52:00","quinnr5"
"RITM0893638","2019-07-10 05:10:20","dalym4"
"RITM0893624","2019-07-10 04:58:07","korpow2"
"RITM0893620","2019-07-10 04:56:02","vigelo2"
"RITM0893618","2019-07-10 04:55:42","classe2"
"RITM0893616","2019-07-10 04:54:39","jantrs2"
"RITM0893611","2019-07-10 04:52:01","asikh1"
"RITM0893606","2019-07-10 04:47:33","clancp2"
"RITM0893605","2019-07-10 04:46:54","faherc1"
"RITM0893383","2019-07-10 00:03:39","galvag4"
"RITM0893382","2019-07-10 00:03:19","almony6"
"RITM0893380","2019-07-10 00:03:11","gopea2"
"RITM0893378","2019-07-10 00:03:07","ramirc17"
"RITM0893377","2019-07-10 00:02:57","bakerb8"
"RITM0893376","2019-07-10 00:02:54","gonzap23"
"RITM0893375","2019-07-10 00:02:45","sharml1"
"RITM0893374","2019-07-10 00:02:34","wangl100"
"RITM0893373","2019-07-10 00:02:23","spencj12"
"RITM0893372","2019-07-10 00:02:17","vegag15"
"RITM0893371","2019-07-10 00:02:09","abdels3"
"RITM0893370","2019-07-10 00:02:08","cabrej26"
"RITM0893369","2019-07-10 00:01:58","palmtw2"
"RITM0893368","2019-07-10 00:01:55","hmp2"
"RITM0893367","2019-07-10 00:01:44","ballej6"
"RITM0893366","2019-07-10 00:01:36","dongm4"
"RITM0893365","2019-07-10 00:01:34","wirkoa2"
"RITM0893364","2019-07-10 00:01:27","robbis5"
"RITM0893230","2019-07-09 18:56:39","navary9"
"RITM0893106","2019-07-09 16:56:20","wilkil2"
"RITM0893105","2019-07-09 16:55:41","arcasg2"
"RITM0892913","2019-07-09 15:10:26","prome1"
"RITM0892900","2019-07-09 15:07:15","phama12"
"RITM0892895","2019-07-09 15:05:35","szewcp2"
"RITM0892893","2019-07-09 15:04:55","gamidr2"
"RITM0892891","2019-07-09 15:04:31","mamony2"
"RITM0892880","2019-07-09 15:02:18","kovaly2"
"RITM0892875","2019-07-09 15:01:17","bobrys2"
"RITM0892870","2019-07-09 15:00:30","yalovo2"
"RITM0892867","2019-07-09 15:00:07","kantse2"
"RITM0892847","2019-07-09 14:55:13","roshco2"
"RITM0892843","2019-07-09 14:53:46","komnam2"
"RITM0892817","2019-07-09 14:48:24","castia13"
"RITM0892596","2019-07-09 13:16:48","pansuj2"
"RITM0892595","2019-07-09 13:14:54","samanp4"
"RITM0892585","2019-07-09 13:07:56","mancej2"
"RITM0892582","2019-07-09 13:06:31","bergk9"
"RITM0892575","2019-07-09 13:05:35","barste2"
"RITM0892573","2019-07-09 13:04:54","walter3"
"RITM0892564","2019-07-09 13:01:37","staveo2"
"RITM0892548","2019-07-09 12:50:36","mackek3"
"RITM0892390","2019-07-09 11:12:41","torrel86"
"RITM0892388","2019-07-09 11:12:26","lavela2"
"RITM0892384","2019-07-09 11:10:52","stator3"
"RITM0892382","2019-07-09 11:10:42","mangoj3"
"RITM0892373","2019-07-09 11:07:43","ebenym2"
"RITM0892371","2019-07-09 11:06:30","farahm5"
"RITM0892369","2019-07-09 11:06:22","trippk2"
"RITM0892367","2019-07-09 11:05:16","doevim2"
"RITM0892366","2019-07-09 11:04:54","quezab3"
"RITM0892365","2019-07-09 11:04:42","stanls3"
"RITM0892364","2019-07-09 11:04:18","roldas6"
"RITM0892363","2019-07-09 11:03:54","grovea5"
"RITM0892362","2019-07-09 11:03:45","quinom15"
"RITM0892360","2019-07-09 11:03:18","mojicg2"
"RITM0892358","2019-07-09 11:02:26","eilerb2"
"RITM0892355","2019-07-09 11:01:40","musaka2"
"RITM0892354","2019-07-09 11:01:37","choksk2"
"RITM0892350","2019-07-09 11:00:39","ortiza62"
"RITM0892349","2019-07-09 11:00:11","borgel5"
"RITM0892347","2019-07-09 10:59:31","velask4"
"RITM0892345","2019-07-09 10:59:00","correj13"
"RITM0892342","2019-07-09 10:58:15","schafr4"
"RITM0892336","2019-07-09 10:56:33","sharmr26"
"RITM0892335","2019-07-09 10:56:31","charla4"
"RITM0892333","2019-07-09 10:55:57","baricg2"
"RITM0892328","2019-07-09 10:55:15","sayged1"
"RITM0892321","2019-07-09 10:53:59","brogaj1"
"RITM0892309","2019-07-09 10:47:25","keoghd1"
"RITM0892103","2019-07-09 08:56:15","fountk1"
"RITM0892096","2019-07-09 08:53:52","mullia5"
"RITM0892095","2019-07-09 08:53:32","holdea5"
"RITM0892068","2019-07-09 08:40:19","rairdg1"
"RITM0892066","2019-07-09 08:40:08","santia62"
"RITM0892065","2019-07-09 08:40:07","maldom33"
"RITM0892063","2019-07-09 08:39:10","soarei2"
"RITM0892062","2019-07-09 08:39:08","wilkin4"
"RITM0892061","2019-07-09 08:39:04","hambat1"
"RITM0892060","2019-07-09 08:39:00","usherr1"
"RITM0891899","2019-07-09 06:52:05","quanea2"
"RITM0891898","2019-07-09 06:51:34","schier3"
"RITM0891897","2019-07-09 06:51:33","sosoem2"
"RITM0891895","2019-07-09 06:50:10","colibh2"
"RITM0891815","2019-07-09 04:59:27","matths7"
"RITM0891814","2019-07-09 04:57:32","condol2"
"RITM0891740","2019-07-09 02:53:28","cakmac3"
"RITM0891722","2019-07-09 02:45:52","marigl1"
"RITM0891615","2019-07-09 00:52:23","tuliv2"
"RITM0891578","2019-07-09 00:03:39","jacobp3"
"RITM0891577","2019-07-09 00:03:38","kingd14"
"RITM0891575","2019-07-09 00:03:37","manohs3"
"RITM0891574","2019-07-09 00:03:34","mclafm1"
"RITM0891573","2019-07-09 00:03:17","jiangp1"
"RITM0891572","2019-07-09 00:03:14","kellyk20"
"RITM0891571","2019-07-09 00:03:08","santor53"
"RITM0891570","2019-07-09 00:03:03","ongh4"
"RITM0891569","2019-07-09 00:02:57","madhen1"
"RITM0891568","2019-07-09 00:02:52","lors7"
"RITM0891567","2019-07-09 00:02:48","lic52"
"RITM0891566","2019-07-09 00:02:46","johnsj157"
"RITM0891565","2019-07-09 00:02:43","chabbs2"
"RITM0891564","2019-07-09 00:02:25","walkec22"
"RITM0891563","2019-07-09 00:02:23","vejbov2"
"RITM0891562","2019-07-09 00:02:10","stelle2"
"RITM0891561","2019-07-09 00:01:45","zhouy55"
"RITM0891560","2019-07-09 00:01:41","coenec2"
"RITM0891559","2019-07-09 00:01:35","jacksb10"
"RITM0891558","2019-07-09 00:01:22","hogerj2"
"RITM0891538","2019-07-08 22:52:30","rojasj48"
"RITM0891537","2019-07-08 22:51:14","bencoy3"
"RITM0891536","2019-07-08 22:50:16","herred18"
"RITM0891534","2019-07-08 22:47:33","soukhv1"
"RITM0891480","2019-07-08 20:50:56","clarar2"
"RITM0891479","2019-07-08 20:50:38","castrm73"
"RITM0891478","2019-07-08 20:50:29","santot16"
"RITM0891476","2019-07-08 20:49:14","maciad3"
"RITM0891475","2019-07-08 20:48:52","canos5"
"RITM0891474","2019-07-08 20:48:51","nicksl2"
"RITM0891473","2019-07-08 20:48:33","labbeh2"
"RITM0891471","2019-07-08 20:46:44","echavo1"
"RITM0891441","2019-07-08 18:52:52","filetv2"
"RITM0891440","2019-07-08 18:52:14","alvarj115"
"RITM0891437","2019-07-08 18:51:18","mendol38"
"RITM0891365","2019-07-08 17:24:54","belsoa2"
"RITM0891347","2019-07-08 17:03:41","abellp1"
"RITM0891195","2019-07-08 14:57:02","abdoun2"
"RITM0891182","2019-07-08 14:50:42","cabrem8"
"RITM0890988","2019-07-08 12:58:35","martia236"
"RITM0890985","2019-07-08 12:58:02","sanchk36"
"RITM0890978","2019-07-08 12:57:27","gomezh8"
"RITM0890974","2019-07-08 12:55:08","mukp2"
"RITM0890969","2019-07-08 12:53:44","sanchf34"
"RITM0890965","2019-07-08 12:52:40","benitm11"
"RITM0890959","2019-07-08 12:51:41","morili1"
"RITM0890957","2019-07-08 12:51:06","peterm56"
"RITM0890956","2019-07-08 12:50:23","anderm28"
"RITM0890954","2019-07-08 12:48:31","rangea3"
"RITM0890725","2019-07-08 10:59:10","zengia2"
"RITM0890707","2019-07-08 10:53:58","jureka2"
"RITM0890699","2019-07-08 10:51:44","massoj2"
"RITM0890484","2019-07-08 09:07:59","babajb2"
"RITM0890475","2019-07-08 09:05:22","nukeln2"
"RITM0890472","2019-07-08 09:04:44","medinj72"
"RITM0890469","2019-07-08 09:02:35","heijnj2"
"RITM0890466","2019-07-08 09:00:10","wangx85"
"RITM0890465","2019-07-08 09:00:04","baborw2"
"RITM0890464","2019-07-08 08:59:09","watsow4"
"RITM0890462","2019-07-08 08:58:23","rosadw4"
"RITM0890451","2019-07-08 08:48:09","mccabl1"
"RITM0890224","2019-07-08 05:11:26","aksoya2"
"RITM0890217","2019-07-08 04:56:22","huangg6"
"RITM0890213","2019-07-08 04:49:24","freccm1"
"RITM0890145","2019-07-08 03:03:04","muncka2"
"RITM0890144","2019-07-08 03:02:41","davide8"
"RITM0890073","2019-07-08 00:03:22","infann2"
"RITM0890072","2019-07-08 00:03:16","pateld31"
"RITM0890071","2019-07-08 00:03:04","alvara75"
"RITM0890070","2019-07-08 00:02:56","grillc3"
"RITM0890069","2019-07-08 00:02:52","rothep2"
"RITM0890068","2019-07-08 00:02:48","ruchtn2"
"RITM0890067","2019-07-08 00:02:47","montam29"
"RITM0890066","2019-07-08 00:02:45","gonzaj228"
"RITM0890064","2019-07-08 00:02:20","stenbg2"
"RITM0890063","2019-07-08 00:02:09","baezm21"
"RITM0890062","2019-07-08 00:02:00","kohorb2"
"RITM0890061","2019-07-08 00:01:51","habetl3"
"RITM0890060","2019-07-08 00:01:42","gils8"
"RITM0890059","2019-07-08 00:01:36","tedesd2"
"RITM0890058","2019-07-08 00:01:33","pulsfi2"
"RITM0890042","2019-07-07 22:49:23","fangs2"
"RITM0890040","2019-07-07 22:48:29","hes7"
"RITM0890038","2019-07-07 22:47:05","xis2"
"RITM0889963","2019-07-07 14:46:54","guptas24"
"RITM0889913","2019-07-07 00:05:59","arumur2"
"RITM0889912","2019-07-07 00:02:31","fuents9"
"RITM0889911","2019-07-07 00:02:27","delgaa9"
"RITM0889900","2019-07-06 14:18:28","govinm6"
"RITM0889873","2019-07-06 00:07:24","postem1"
"RITM0889872","2019-07-06 00:07:10","jonest31"
"RITM0889871","2019-07-06 00:06:55","oukl1"
"RITM0889870","2019-07-06 00:06:48","richtn2"
"RITM0889869","2019-07-06 00:06:47","knutsk2"
"RITM0889868","2019-07-06 00:06:45","liuy30"
"RITM0889867","2019-07-06 00:06:43","murilv2"
"RITM0889866","2019-07-06 00:06:42","starti1"
"RITM0889865","2019-07-06 00:06:42","simsj3"
"RITM0889864","2019-07-06 00:06:38","navuds1"
"RITM0889863","2019-07-06 00:06:38","anderm28"
"RITM0889862","2019-07-06 00:06:37","titlea1"
"RITM0889861","2019-07-06 00:06:35","tuggem1"
"RITM0889860","2019-07-06 00:06:31","gutiek14"
"RITM0889859","2019-07-06 00:06:28","jimenj18"
"RITM0889858","2019-07-06 00:06:24","morala73"
"RITM0889857","2019-07-06 00:06:22","zhoup10"
"RITM0889856","2019-07-06 00:06:19","dengx1"
"RITM0889855","2019-07-06 00:06:19","gutiek21"
"RITM0889854","2019-07-06 00:06:16","martia134"
"RITM0889853","2019-07-06 00:06:09","lopezy10"
"RITM0889852","2019-07-06 00:06:03","bair1"
"RITM0889851","2019-07-06 00:06:02","virgen1"
"RITM0889850","2019-07-06 00:06:01","violae2"
"RITM0889849","2019-07-06 00:06:00","liuh46"
"RITM0889848","2019-07-06 00:05:42","verak1"
"RITM0889847","2019-07-06 00:05:35","lozanm13"
"RITM0889846","2019-07-06 00:05:35","yuq6"
"RITM0889845","2019-07-06 00:05:35","fonsec4"
"RITM0889844","2019-07-06 00:05:34","doming16"
"RITM0889843","2019-07-06 00:05:26","castrw6"
"RITM0889842","2019-07-06 00:05:23","zhangy122"
"RITM0889841","2019-07-06 00:05:23","lopezg82"
"RITM0889840","2019-07-06 00:05:21","vilchj3"
"RITM0889839","2019-07-06 00:05:13","grajea2"
"RITM0889838","2019-07-06 00:05:11","scheva2"
"RITM0889837","2019-07-06 00:05:09","florem123"
"RITM0889836","2019-07-06 00:05:06","santir29"
"RITM0889835","2019-07-06 00:05:05","cruza80"
"RITM0889834","2019-07-06 00:04:58","johnss89"
"RITM0889833","2019-07-06 00:04:55","gonzam176"
"RITM0889832","2019-07-06 00:04:52","kutchj2"
"RITM0889831","2019-07-06 00:04:49","zarinc2"
"RITM0889830","2019-07-06 00:04:46","marcas2"
"RITM0889829","2019-07-06 00:04:44","mabany2"
"RITM0889828","2019-07-06 00:04:42","misiah2"
"RITM0889827","2019-07-06 00:04:39","goreb2"
"RITM0889826","2019-07-06 00:04:26","torrec69"
"RITM0889825","2019-07-06 00:04:26","sanza3"
"RITM0889824","2019-07-06 00:04:22","nunezm32"
"RITM0889823","2019-07-06 00:04:19","cardem20"
"RITM0889822","2019-07-06 00:04:16","fellt2"
"RITM0889821","2019-07-06 00:04:14","rameyt3"
"RITM0889820","2019-07-06 00:03:45","chenx71"
"RITM0889819","2019-07-06 00:03:42","belfic2"
"RITM0889818","2019-07-06 00:03:33","rodrif91"
"RITM0889817","2019-07-06 00:03:20","makers2"
"RITM0889816","2019-07-06 00:03:12","cronet2"
"RITM0889815","2019-07-06 00:03:09","luemik2"
"RITM0889814","2019-07-06 00:02:44","lopezd65"
"RITM0889813","2019-07-06 00:02:33","wangd18"
"RITM0889812","2019-07-06 00:02:23","micheb4"
"RITM0889811","2019-07-06 00:02:16","mohamf17"
"RITM0889810","2019-07-06 00:02:12","alvarx3"
"RITM0889809","2019-07-06 00:01:59","frisfj2"
"RITM0889808","2019-07-06 00:01:47","kolimr2"
"RITM0889807","2019-07-06 00:01:46","aix2"
"RITM0889806","2019-07-06 00:01:36","calzaa4"
"RITM0889805","2019-07-06 00:01:33","jiangw19"
"RITM0889756","2019-07-05 21:11:31","acoste12"
"RITM0889754","2019-07-05 21:06:56","rodrin63"
"RITM0889753","2019-07-05 21:05:59","martic203"
"RITM0889752","2019-07-05 21:01:03","lopezg81"
"RITM0889750","2019-07-05 20:52:54","mojicr3"
"RITM0889749","2019-07-05 20:49:40","santoc32"
"RITM0889748","2019-07-05 20:41:04","contri7"
"RITM0889747","2019-07-05 20:35:54","nepomt2"
"RITM0889746","2019-07-05 20:35:40","lopeze148"
"RITM0889745","2019-07-05 20:35:16","vazqum78"
"RITM0889744","2019-07-05 20:34:10","perezj187"
"RITM0889743","2019-07-05 20:33:50","castrv11"
"RITM0889742","2019-07-05 20:32:41","palacd4"
"RITM0889741","2019-07-05 20:23:57","ramirg37"
"RITM0889740","2019-07-05 20:13:16","reyesa71"
"RITM0889739","2019-07-05 19:47:57","zetina2"
"RITM0889738","2019-07-05 19:42:20","pedroa3"
"RITM0889737","2019-07-05 19:40:56","zapiem2"
"RITM0889735","2019-07-05 19:17:58","mendel7"
"RITM0889731","2019-07-05 18:59:30","lopezj54"
"RITM0889660","2019-07-05 16:47:22","aguill30"
